{
    "rmse": 0.7074418352575734,
    "mae": 0.545955230281399,
    "r2_score": 0.27858960852245007
}